text,label,type,subreddit,predicted_label,prob_clean,prob_pg,path_behaviors,life_problems,cognitive_distortions,helpful_comments,evil_comments,notes
my friend is a prostate doctor now and we play a game at his house once a year called soggy biscuit idk if anyone has played but you are betting your taste buds and dignity on it every time. I've only lost twice in the past ten years. Once because missed due to my power and once because the missus and I had a quickie on the ride over.,,comment,r/SportsBook,Problem Gambling,0.1271649,0.8728351,,,,,,
So raptors go on a legendary offensive run and smoke magic by like 50 pts when I bet against them but lose to bum ass Sacramento when I don't have any money on the game.. smdh,,comment,r/SportsBook,Problem Gambling,0.0050499886,0.99495006,,,,,,
"well the difference is they used an online app. sometimes if you buy something online that's mispriced, your credit card might get charged but they won't ship the product, you'll get an email stating the error, followed by a full refund. my shitty analogy is not that deep but thanks for nitpicking. the gist of it still stands. you're SOL no matter how entitled you think you are.",,comment,r/SportsBook,Problem Gambling,0.018276013,0.981724,,,,,,
Because that's the cost of doing business. If it's the other way around they don't give you a break. I sell on Amazon if I or my pricing software makes a mistake and inventory sells at a huge loss. I don't get a refund or my product back. I have to take the L. Once a bet has been finalized it should be binding no matter what.,,comment,r/SportsBook,Problem Gambling,0.3718918,0.62810814,,,,,,
"Yeah these guys suck. If you search my username in this subreddit, you'll find a thread I made a few years ago about the hoops I had to go through over the course of months to get my $1000+ payout.",,comment,r/SportsBook,Problem Gambling,0.24931608,0.75068396,,,,,,
From bet365 ? Shit man . I’m spending my a lot of money and I win I don’t wanna be stuck like this. It must be very disappointing and frustrating. Is Ladbrokes and sky more likely to pay me if such shit happens. I bet a lot on 365 and thought they were alright,,comment,r/SportsBook,Problem Gambling,0.13091154,0.8690885,,,,,,
Would withdraw all money and never use them again. This is fucked,,comment,r/SportsBook,Problem Gambling,0.43331233,0.56668764,,,,,,
"Funny thing weeks after the situation they emailed me saying I was doing suspicious activity and would ban me. Mind you all I did was those 3 bets, that’s it. Scum of a company",,comment,r/SportsBook,Problem Gambling,0.03841763,0.96158236,,,,,,
Smh complete scum. I had my own issues with them where basically they tried to scam me out of money I deposited,,comment,r/SportsBook,Problem Gambling,0.010306889,0.9896931,,,,,,
They tried to steal thousands from me too.. made a post about it long while back. They shady af,,comment,r/SportsBook,Problem Gambling,0.28954026,0.7104597,,,,,,
"Bet365 is the single worst app and company I’ve ever dealt with. They wanted me to send a BANK STATEMENT to verify my bank account because my wife’s name was on it before allowing me to withdraw my money. Best part, they were happy to accept a deposit from the same account with no verification. Had to fight with them for days before they would just wire me the money. Do not use this app if at all possible!",,comment,r/SportsBook,Problem Gambling,0.028906465,0.97109354,,,,,,
Interesting. I haven't used them in a while because they only allow withdrawal direct to bank account and my bank isn't supported even though they let me deposit with a debit card 🙄 Just kept playing until I lost the hundred or so bucks I had in there and never went back,,comment,r/SportsBook,Problem Gambling,0.008740067,0.99126,,,,,,
"Alright well during the course of my write-up Embiid is out… with an illness. I’m at a loss for words with that one. Drink your OJ you frail, frail human. I already placed the bet, I now just don’t feel as good about it. Not a deal breaker, probably not worth tailing though.",,comment,r/SportsBook,Problem Gambling,0.019159041,0.980841,,,,,,
"this is exactly why I left Bovada after 15+ years of no issue. I did one of their advertised specials parlays, hit it and they voided it saying one leg made it a correlated parlay. Instead of removing the one leg and paying out the rest, they called the whole thing a loss. Wasn't but a couple hundred bucks but it's entirely about the principle at that point. I even stated player points would satisfy the error and they basically gave me the middle finger. Next day I shut down my account.",,comment,r/SportsBook,Problem Gambling,0.044964343,0.9550356,,,,,,
Yeah I’ve had them do this to me once. Luckily wasn’t for that much but it was really lame. Just gone a few hours later. I always withdraw immediately now.,,comment,r/SportsBook,Problem Gambling,0.07996819,0.9200318,,,,,,
"For real .. that almost never happens . And if he got it out in time they would’ve put his account 1250 in the negative until he “paid it back” but he could’ve just moved onto to another Sportsbook. Fuck em, they closed my account and kept my money in it I’m sure they’ve kept other peoples money in so many other ways.",,comment,r/SportsBook,Problem Gambling,0.007744382,0.99225557,,,,,,
"Gotcha, thats unfortunate. Hope you flip it into cash. I had some similar issues with them a couple years ago. Now I withdraw as soon as it comes out to avoid the drama of dealing with them.",,comment,r/SportsBook,Problem Gambling,0.007087617,0.99291235,,,,,,
"Yea they pulled a sneaky move to make you get Nothing. It’s crazy they actually returned that money on purpose so that youd see it, be happy with it and then they could remove it all, all that in order to not pay you the cash out which was probably half 5-750 ..I guarantee it. They’ve done petty shit similar to me many times.",,comment,r/SportsBook,Problem Gambling,0.007125405,0.9928746,,,,,,
I’ve argued with them over having my money stolen from me many times…and haven’t ever gotten anywhere. They do what want to do and there’s nothing you can do short of getting a lawyer and taking them to court.,,comment,r/SportsBook,Problem Gambling,0.0066702766,0.9933297,,,,,,
but it's not worth the risk.,,comment,r/SportsBook,Problem Gambling,0.08806185,0.91193813,,,,,,
"If someone's only goal is to make money sports betting with all the info and resources out there, it's just not that hard. Maybe people just need to look at themselves in the mirror and realize they're just not that bright.",,comment,r/SportsBook,Problem Gambling,0.023142548,0.9768574,,,,,,
He might sweat it for us after getting that break back. Won’t hold my breath.,,comment,r/SportsBook,Problem Gambling,0.014575236,0.9854248,,,,,,
"low amounts but im close to cleaned out. I think I got 5 that lost by 1 point in the last 3 days, its fucked",,comment,r/SportsBook,Problem Gambling,0.06635436,0.9336456,,,,,,
No been a golf fan for a long time I’m just insanely delusional lol I really just want to win money and have a good income side hustle life’s hard out there man,,comment,r/SportsBook,Problem Gambling,0.012915596,0.9870843,,,,,,
I’m cracking up it’s a hilarious back n forth tho.. but no lie a week of tailing corners definitely took years off my life that shit sweaty af lmao,,comment,r/SportsBook,Problem Gambling,0.0073902044,0.9926098,,,,,,
I’m not rich but I sacrificed my time and effort for every penny I have and I’d never just give it out for fun no matter how much I have,,comment,r/SportsBook,Problem Gambling,0.010216102,0.98978394,,,,,,
If I ever put money on the suns again I am genuinely retarded,,comment,r/SportsBook,Problem Gambling,0.027427983,0.972572,,,,,,
They think you’re bad at betting still and will give it all back eventually. Happened to me after winning 100k,,comment,r/SportsBook,Problem Gambling,0.019859737,0.98014027,,,,,,
3 games into the year and the Red Sox already messing with my emotions,,comment,r/SportsBook,Problem Gambling,0.067991324,0.9320086,,,,,,
3 days of MLB betting and im gonna lock myself out for a year from betting lol,,comment,r/SportsBook,Problem Gambling,0.05877736,0.9412226,,,,,,
no taxes in canada! if i had to pay taxes on my winnings i probably would quit gambling.,,comment,r/SportsBook,Problem Gambling,0.073104404,0.92689556,,,,,,
Lol. I lost my bet too and I'm not even mad. Worth every penny.,,comment,r/SportsBook,Problem Gambling,0.1302412,0.8697588,,,,,,
"Betmatch all the new customer offers, take that money and never look back. I’m up 5k on the books.",,comment,r/SportsBook,Problem Gambling,0.40523183,0.5947681,,,,,,
Don’t chase. Gamble with money already burned. You won’t make a living doing this.,,comment,r/SportsBook,Problem Gambling,0.21515524,0.7848447,,,,,,
"Gambling is a slippery slope. I lost everything once, every penny to my name and lost the girl I’d hoped to marry. Luckily I was in my early 20s so I’ve recovered. Now I just bet here and there for fun. Always remember it’s just for fun, and only bet what you can afford to lose. Don’t be me.",,comment,r/SportsBook,Problem Gambling,0.009193545,0.9908064,,,,,,
You right…once youve drained all your cash then use your ira and emergency fund 🤣🤣🤣🤣,,comment,r/SportsBook,Problem Gambling,0.25274223,0.74725777,,,,,,
Starting to hate Kon. A few days in a row now being hooked by him,,comment,r/SportsBook,Problem Gambling,0.180404,0.81959593,,,,,,
"Holy shit 😭😂 I had given up hopes on rays game completely and I had $8 in my account, I happened to look down and see there was over $250 in my balance 🙏",,comment,r/SportsBook,Problem Gambling,0.042718995,0.95728093,,,,,,
Today has been a spectacular clusterfuck of losses I can't even put them into words,,comment,r/SportsBook,Problem Gambling,0.015589303,0.98441076,,,,,,
And it only took me the 2nd day of the season to relive the agony of a 9th inning blowing of an under bet. Holy fucking shit,,comment,r/SportsBook,Problem Gambling,0.04559229,0.9544077,,,,,,
YUP I called it tho.. already knew what was coming.. thats why im like good riddance now. Only way im depositing again is if they give a deposit match,,comment,r/SportsBook,Problem Gambling,0.15271924,0.84728074,,,,,,
Athletes being payed tens of millions if not hundreds of millions aren’t going to risk their livelihood much less prison time to help their buddy win $20k on DraftKings before their account gets limited. Am I saying it never ever happens? No. But to say it happens in any sort of large scale organized fashion like people claim it does when they are losing is absurd.,,comment,r/SportsBook,Problem Gambling,0.45605645,0.5439436,,,,,,
I bet everything I had in my bag and with the profit I bought some water drums and sent it all to the company that distributes it🥲💔😭 I'm a asshole,,comment,r/SportsBook,Problem Gambling,0.25306925,0.7469308,,,,,,
"i'm sorry man, everytime i tail you it losses i'm literaly 3/3 losses. it's my fault.",,comment,r/SportsBook,Problem Gambling,0.00578009,0.9942199,,,,,,
"Well, at least it happened quickly and I can move on. Dang it.",,comment,r/SportsBook,Problem Gambling,0.05297847,0.94702154,,,,,,
You're going to want to do yourself a favor and never disrespect yourself like this ever again.,,comment,r/SportsBook,Problem Gambling,0.11660694,0.8833931,,,,,,
"You lost all my money so I ended up retiring from sports betting, starred therapy and was able to reconcile my relationship with my wife and kids. Just came back to say you really opened my eyes and changed my life. Thanks Brother",,comment,r/SportsBook,Problem Gambling,0.023953358,0.97604656,,,,,,
It amazes me how many gamblers spend so much money and cant do the simplest math to realize hedging is never profitable. It only minimizes losses.,,comment,r/SportsBook,Problem Gambling,0.14872018,0.85127985,,,,,,
"Considering 83% of gamblers lose money, minimizing losses is important. I switched to almost always hedging basketball and I can’t even tell you how many times I was able to hedge with a +400 or even +800 bet and it ended up winning. I also use every single Sportsbook to try to get the best EV as sometimes the hedging team will be +230 DraftKings but +310 on bet365. I’m consistently profiting over the course of 4-5 months more than before and the only thing I changed was minimizing losses",,comment,r/SportsBook,Problem Gambling,0.21889931,0.78110075,,,,,,
"And you might lose twice. Or you may split. If you were that confident in the bet, you would've put it in when the odds were better. Hedging and live betting are desperation moves. I guarantee you anyone in here who does either one of those two things is still renting their home, doesn't have a retirement plan, has less than 10k in the bank and very likely lives paycheck to paycheck. And theres a reason.",,comment,r/SportsBook,Problem Gambling,0.30425277,0.69574726,,,,,,
Yes of course. But let’s say you don’t like the way they’ve been playing. Then cashing out might be worth leaving it on the table. I say that not having watched a second of college basketball but there’s a bigger picture is all I’m saying.,,comment,r/SportsBook,Problem Gambling,0.46028447,0.5397156,,,,,,
Can you please explain? I don’t gamble and have no clue why this popped up on my feed.,,comment,r/SportsBook,Problem Gambling,0.3467491,0.65325093,,,,,,
"I just closed all 6 of my sportsbooks accounts. I am up 40k over 3 years, using an EV finder service. Dont ever want to burn a saturday night sweating a bet again.",,comment,r/SportsBook,Problem Gambling,0.019820653,0.9801793,,,,,,
"You don't know his financials. Could be entirely disposable income, just having fun.",,comment,r/SportsBook,Problem Gambling,0.0954065,0.90459347,,,,,,
You’re only looking at this as a win or lose money thing. Obviously it could be worse but if I bet 194k just to end up where I was before… any self aware person would have to at least question if all that time and stress was really worth downloading the app lol.,,comment,r/SportsBook,Problem Gambling,0.015141198,0.9848588,,,,,,
I bet exactly 100 bucks per month but I’ve somehow keep losing it all,,comment,r/SportsBook,Problem Gambling,0.012357389,0.98764265,,,,,,
"honestly the best thing I did last year was opening accounts at like 5-6 books instead of just sticking with one same exact bet can be +180 on one site and +210 on another, that difference adds up real quick over a season think i was leaving 15-20% on the table before i started actually comparing lines, now i just check a few apps before placing anything its annoying at first but becomes second nature once you realize how much edge you're giving back when you dont shop",,comment,r/SportsBook,Problem Gambling,0.18069784,0.8193022,,,,,,
I was just coming here to shit talk him too … keep telling myself it’s still early but damn,,comment,r/SportsBook,Problem Gambling,0.18533939,0.81466067,,,,,,
"He won’t post anything, because he’s a money hungry loser who wants people to pay for his “data”",,comment,r/SportsBook,Problem Gambling,0.06331722,0.9366828,,,,,,
350 of my monies. Well no 50 of my monies. But it's like they gave it to me and snatched that shit right back.,,comment,r/SportsBook,Problem Gambling,0.12654415,0.8734559,,,,,,
You’re in for a disgusting withdrawal if you get hooked on those,,comment,r/SportsBook,Problem Gambling,0.02074567,0.97925436,,,,,,
I sweat betting on Women’s basketball is like the worst thing to do when you’re trying to make money lol. It’s literally like throwing it away.,,comment,r/SportsBook,Problem Gambling,0.043797616,0.95620245,,,,,,
This is torture. I don’t know why I love this shit.,,comment,r/SportsBook,Problem Gambling,0.005742921,0.99425715,,,,,,
"I'm ready to accept that, I bet low wagers just for fun. So far I'm enjoying nba a lot, it's more interesting for betting compared to soccer (my usual sport)",,comment,r/SportsBook,Problem Gambling,0.15120241,0.84879756,,,,,,
So dam tired of this shit,,comment,r/SportsBook,Problem Gambling,0.09752079,0.9024792,,,,,,
AFL Record 3-2 Collingwood vs Giants : Finn Callaghan anytime goal scorer ($3.15 Sportsbet) Real bad loss last night. Apologies to all. Let’s recover EDIT: I’m retiring,,comment,r/SportsBook,Problem Gambling,0.008625003,0.991375,,,,,,
I really put money on this bum. I’m retarded.,,comment,r/SportsBook,Problem Gambling,0.0056425133,0.9943575,,,,,,
"Sorry guys next time i will fly over to New Zealand and tell them to never do this again, Silly me i should have told them to play better 🤦‍♂️🤦‍♂️",,comment,r/SportsBook,Problem Gambling,0.39659616,0.6034038,,,,,,
I've never seen worse basketball being played. Why did nobody warn me against betting women's basketball? I think I'm going to have an aneurysm,,comment,r/SportsBook,Problem Gambling,0.04140447,0.9585955,,,,,,
"This is why I don’t bet or watch the NBA, and for some reason tonight I decided to lol. Such a horrific product",,comment,r/SportsBook,Problem Gambling,0.0072192866,0.99278075,,,,,,
holy fuck id be losing my mind,,comment,r/SportsBook,Problem Gambling,0.027042555,0.9729575,,,,,,
God I can’t stand people. You didn’t tell the person to tail you. They are just looking for an outlet for their anger,,comment,r/SportsBook,Problem Gambling,0.016893232,0.98310673,,,,,,
"It’s going to be a bit of a sweat for sure, but I won’t skip out on + money at a semi good price.",,comment,r/SportsBook,Problem Gambling,0.18074057,0.81925946,,,,,,
Got a dollar and a dream. Literally. Got one dollar left in my account and don’t want to re-up if I lose it. What’s the best way to use a 50% DK boost to rise from the ashes?,,comment,r/SportsBook,Problem Gambling,0.3316527,0.66834736,,,,,,
ill never bet in the morning again,,comment,r/SportsBook,Problem Gambling,0.024409039,0.97559094,,,,,,
Couldn't sleep last night. Like a kid on Christmas eve. Probably zone out as soon as the game starts.,,comment,r/SportsBook,Problem Gambling,0.14774452,0.8522555,,,,,,
I’d be sick if I had money on rays and cards game. Feeling of excitement to depression in a matter or half an inning.,,comment,r/SportsBook,Problem Gambling,0.15900436,0.84099567,,,,,,
"Haha, yeah I’m sure of that. But back then (for me anyway), it was through the grapevine. We had nothing but time, little money, and wanted to see the outcome, without the risk.",,comment,r/SportsBook,Problem Gambling,0.13665749,0.8633425,,,,,,
Anyone get cut off on dk fantasy extremely quickly? After two days and one cash I have massive restrictions if I go to enter a tennis contest. They're insisting it's a geo location issue but all other sports all me to enter with no issue and tennis either doesn't appear or cuts me off and says I'm restricted. Just posting this here to check if this has happened to others.,,comment,r/SportsBook,Problem Gambling,0.062183812,0.93781614,,,,,,
He was so poor after starting so hot. I really hate betting on him.,,comment,r/SportsBook,Problem Gambling,0.021223053,0.978777,,,,,,
"Collin sells me all middle of March, only to put up some nice recent games to lure me back in for this dud 🫩",,comment,r/SportsBook,Problem Gambling,0.484877,0.51512307,,,,,,
It's such a fucking crapshoot.,,comment,r/SportsBook,Problem Gambling,0.25764138,0.7423586,,,,,,
lol you're not wrong. Figured I'd park some extra $ for a few days into what I thought would be free money.,,comment,r/SportsBook,Problem Gambling,0.4253513,0.5746487,,,,,,
"Wait till your of age young one. Go out in this world, provide a service or some meaning to your community. Have a purpose, then worry about bets.",,comment,r/SportsBook,Problem Gambling,0.42340747,0.5765925,,,,,,
"all today, i’ve never in my life been more like fucking wrecked than this. done for a while",,comment,r/SportsBook,Problem Gambling,0.045735348,0.9542646,,,,,,
Yeah im never betting on Vassell again,,comment,r/SportsBook,Problem Gambling,0.0076326076,0.99236745,,,,,,
